GSM_ID,XIST,TYROBP,DOCK2,FCER1G,GSTA4,ABCC2,TIMELESS,ACBD5,LMAN1,KIFAP3,PCTK2,SNCA,RPS27,RPS18,PCBP2,STIP1,HSPA1A,DOPEY1,ENPP2,GAB2,TUBB4,ACTG1,SLC22A2,AGTR1,ZIC2,TEKT1,FANK1,HYDIN,MED6,SFRS3,PPP2R5A,RNASE11,LAMP2,P2RX7,MID1IP1,GJA1,STON2,CST3,CREBBP,ABCC11,MDGA1,SNAP91,BSN,GLS,DTL,UBE2C,BUB1,RFX4,DGCR6,AQP4,MT1M,AMPD1,EGR2,PDGFB
GSM1090268_alz_f,0.3014744,0.2095147,0.161961,0.31093665,-0.1792947,-0.009254016,0.02784868,0.05742811,-0.04112742,-0.1575924,-0.069182405,-0.090796413,0.109799675,0.17396165,-0.0672169,-0.1270672,-0.4939163,-0.02785946,0.4108871,0.3671309,0.07266159,0.2655218,-0.02880479,-0.11685993,-0.4071411,0.7828059,0.4161683,0.371046915,-0.047875625,-0.07756342,0.07937463,0.1038905,0.206307593,0.02636713,0.1531683,-0.3454826,0.150785197,0.1709105,-0.2317698,0.060808585,-0.2031781,-0.4351287,-0.3606621,-0.3899063,0.008948353,0.009004762,0.1247122,0.1299203,0.2621549,-0.133542053,0.2562524,0.03793549,-0.3473383,0.04574103
GSM1090271_alz_f,0.46049465,-0.1621719,-0.08959824,-0.132006605,-0.01008995,0.027529603,-0.007815875,-0.006689227,-0.042820264,-0.1536115,0.003433997,-0.1429707,-0.00216095,0.080777845,-0.05864135,-0.002055735,-0.3839498,0.07177097,0.01844749,0.077310455,-0.02658049,-0.081825645,-0.023524855,-0.025814142,-0.05901209,-0.05992538,-0.03794129,-0.04150192,0.053208925,-0.034167415,1.04913866,0.1251504,0.011712138,-0.00866076,-0.05289102,0.2570318,0.118879677,0.2133792,-0.019798405,0.1290528,0.05446598,-0.137209,-0.02485708,-0.1645773,-0.01663802,0.0534655,-0.0444567,0.0829006,0.05404839,0.193929627,0.2374359,0.07683283,-0.4400418,0.081575
GSM1090272_alz_f,0.238641,0.2804275,0.3135615,0.2671875,-0.10472716,0.1305151,0.2287764,-0.07610068,-0.070622574,-0.03629202,-0.051127145,-0.06364797,-0.08826911,0.031299575,0.04236022,0.0741885,-0.2302146,-0.2595976,-0.3391328,-0.14429895,-0.0794035,-0.10610819,0.01662135,-0.142842865,0.1517971,-0.2798759,-0.01041471,-0.099289555,-0.09559221,-0.06007376,0.05311075,0.06012325,-0.04163956,0.004861368,0.141907,-0.2245187,-0.153217493,-0.2524231,0.083729165,-0.021094695,0.1711054,0.09132613,0.06822889,0.3258938,0.33283,0.1956503,0.2031803,-0.15681906,-0.07729399,-0.180467933,-0.1280669,0.05004859,-0.1506725,0.06981805
GSM1090274_alz_f,0.27603785,0.4000278,0.2515725,0.27505135,-0.33017885,0.13749145,0.105215,-0.0963342,-0.08223478,-0.2464114,-0.026124083,-0.149186767,-0.057479063,0.01225299,0.041027,0.272599,0.6257099,-0.3284999,-0.08666743,0.19915635,-0.06407011,-0.02759718,0.018939705,-0.048459589,-0.1874489,0.2466585,0.2655563,-0.086278565,-0.0614016,-0.149603595,0.1845268,0.01388764,0.206635667,0.350183,0.5578398,-0.0870348,0.049931309,0.146178,0.015391443,-0.062125335,0.04883965,-0.2628705,-0.163046,-0.01285393,-0.03121366,0.021954472,-0.03247028,0.03254503,0.3083405,0.19130823,0.6627238,-0.03690641,-0.1194408,0.2527573
GSM1090276_alz_f,0.43577455,-0.293323,-0.2627951,-0.1386656,-0.016549345,0.013355125,-0.006285572,-0.2594895,-0.175850545,-0.2419319,-0.31166675,-0.244153233,0.003536744,0.051093145,-0.01284543,-0.0426925,-0.5064906,0.02854771,-0.2533638,0.053799595,0.01979554,0.00820804,0.068381065,-0.05745045,-0.0543114,-0.01633823,0.05580029,0.15571729,-0.018449111,-0.081792085,1.007453435,0.884077,-0.176648167,-0.1391996,-0.08828273,0.06472936,0.006280233,0.3139468,-0.04014323,0.1820909,0.2512756,-0.219055,0.005231244,-0.1924277,0.001322728,0.094360675,-0.004206768,0.150745485,0.2724138,0.220449933,0.01956919,0.09361337,-0.000377572,0.2224365
GSM1090277_alz_f,0.24594545,-0.4206565,-0.3503196,-0.3169667,-0.14612315,0.100480485,0.09588389,0.02465505,-0.030257102,-0.05775824,-0.024258137,-0.1303529,-0.116105963,-0.09112135,0.005192294,0.1638929,-0.1044128,-0.2534602,-0.2296484,-0.036401035,-0.03821575,-0.08780762,0.03205864,0.045501685,-0.03566618,-0.09940808,-0.01255134,0.03610715,-0.063417235,-0.092894845,0.57715106,0.3536536,0.083901308,0.1372638,0.404653,0.3214822,0.07807085,0.08796202,0.14917535,-0.023607164,0.1291549,-0.06847066,0.0385497,0.04332267,0.006316816,0.094283805,-0.08798437,0.14311725,0.05718654,0.244824733,0.3190472,0.1646206,-0.3397239,-0.02186513
GSM1090282_alz_f,0.44018715,0.1994076,-0.09561013,0.38482605,-0.112760355,0.16386445,-0.1977766,-0.1274046,-0.023486385,-0.1972169,-0.050542475,-0.1857346,0.07408164,0.193591,0.05051173,-0.06410271,-0.3250862,-0.1238422,-0.00711386,0.1139349,0.08996468,0.1679157,0.015256909,-0.061981792,0.0432464,-0.09763778,0.02577072,-0.04054318,0.195151,-0.20682659,0.02701515,0.04130708,0.06727226,-0.09382781,0.1039822,-0.2073897,0.14291589,0.02621733,-0.089241105,-0.058670635,-0.02225636,-0.1776901,-0.07420096,0.06788146,0.04480228,0.065812155,-0.002768311,0.21971818,0.1348842,0.19889998,0.5426188,0.06218683,0.1434336,0.06919471
GSM1090284_alz_f,0.3661148,-0.03379455,-0.092537,0.15041285,0.09943106,-0.017350066,-0.1021653,-0.04407845,0.015763479,0.01429438,-0.04529693,-0.049844933,0.065516368,0.1718274,0.006577912,-0.1349947,-0.7161904,0.007557806,-0.1897405,-0.082973895,0.1139173,0.05743269,-0.004805155,-0.1513103,0.005204304,0.0121896,0.07077508,-0.010697185,0.077125195,-0.124251093,0.05022498,0.05609542,-0.15570181,-0.1115223,-0.1749103,0.1162445,-0.01171499,0.1414989,-0.076866535,0.011413144,0.07160362,-0.01048487,0.0205636,-0.053131,0.04377172,0.010482862,0.03939121,0.159081625,0.1239261,0.115399217,0.09998938,0.06690959,-0.280745,-0.08392521
GSM1090285_alz_f,0.34260355,-0.1914306,-0.1652829,-0.04181858,-0.3165074,0.12210115,-0.02726623,-0.1814934,0.003441055,-0.1669033,-0.1499052,-0.21205916,0.025869271,0.1432937,0.04536094,0.6137213,1.382931,-0.3203633,-0.3600704,-0.061118775,-0.1024361,-0.1377106,-0.030835072,0.01736499,0.1175852,0.05306203,0.03561727,0.081144315,0.00344177,-0.05268377,0.007893355,-0.001032283,-0.011765383,0.1342579,0.2677797,0.3236164,0.04837421,0.119109,0.18998375,0.01669138,0.2150957,-0.1766414,0.005597759,0.1082452,-0.009842561,0.1719547,-0.02347061,0.094303065,-0.01093785,0.047480856,0.2165234,0.1098806,-0.09420228,-0.08067386
GSM1090291_alz_f,0.4971423,-0.29836,-0.2249808,-0.23674955,0.10809354,-0.08419976,0.02840923,-0.1798979,-0.023940895,-0.1004279,0.00031997,0.08127234,-0.04485098,0.01662078,0.02518097,-0.08308331,-0.6053424,0.1130382,-0.7024441,-0.1972332,-0.03546946,-0.12492636,-0.086037995,0.125686415,0.1680111,-0.287995,-0.09496871,-0.075353475,0.075960005,0.09651417,0.15876577,-0.03467366,-0.3507199,-0.3413534,-0.4164804,0.06612968,-0.00101896,0.05305818,0.05436809,0.05210125,0.2313787,0.05073667,0.07022924,-0.03997938,-0.04878194,0.047294395,-0.1342037,-0.055642144,-0.05457136,-0.022185233,-0.2278942,0.1203422,-0.5620127,-0.02570075
GSM1090270_nd_f,0.3617396,-0.05708634,-0.002692625,-0.078332075,0.08529753,-0.082181095,-0.04136768,-0.06844049,0.03728082,-0.01507495,-0.00896717,-0.096538773,-0.002627632,0.03394092,0.06860922,-0.1594642,-0.4747712,0.07226087,-0.1610953,-0.08296241,0.0764846,0.045240145,0.019947286,-0.089365535,0.1061785,-0.1133949,-0.0824393,-0.0395447,0.031731238,0.12167145,-0.020731495,0.037981,-0.134185067,-0.22034,-0.292428,0.1679136,-0.018535509,0.1796989,0.051049625,0.050073945,0.1202919,0.05382019,0.06993449,-0.183303,0.0526954,-0.03075488,0.03002117,0.0046632,0.0150667,0.064110193,-0.131373,0.1229717,0.4239599,0.03765219
GSM1090295_nd_f,0.32917695,-0.2296559,-0.257871,-0.10810493,0.085567145,0.00365553,-0.02491579,-0.161589,-0.02773745,-0.05603581,-0.020903815,0.004853453,0.063144433,0.12126425,0.04936951,-0.1034575,-0.5065067,0.01197189,-0.6257281,-0.21561365,0.03533623,-0.0523477,0.2629243,-0.104762235,0.08777946,-0.1205541,-0.08464955,-0.11612843,-0.060184187,-0.00474529,0.012037605,0.004176465,-0.305700967,-0.2657047,-0.4194572,0.04344757,-0.004930587,0.1567561,0.05324906,0.12496955,0.1989839,0.006746071,0.03245199,-0.09184223,-0.01999912,-0.01850343,-0.02553475,0.092153635,0.05875491,0.259449733,0.03881737,0.05881121,-0.4155509,0.05103704
GSM1090299_nd_f,0.42932565,-0.1720167,-0.1398488,-0.12495416,0.048364515,-0.038891165,0.04448558,-0.09084118,-0.01745452,0.01188027,-0.07499029,0.006634943,0.025435824,0.10849055,-0.04719052,-0.06707826,-0.2528632,0.06327523,-0.05479896,-0.078748165,-0.000564942,0.005148537,-0.011518589,-0.003005529,-0.02269423,0.04910252,0.05500429,0.08629719,-0.003175788,0.055640965,0.00696721,0.01753736,-0.140378823,-0.1802499,-0.2211051,-0.1793215,-0.050864559,0.02931917,-0.06733982,0.05029543,-0.1222138,0.01044376,-0.01799494,-0.000735979,0.03357776,-0.018959735,0.07508548,-0.12746218,-0.03498362,-0.169363633,-0.3953751,0.02615776,-0.1326805,-0.01280874
GSM1090312_nd_f,0.4640324,-0.4651109,-0.273155,-0.221074,0.13781795,-0.06050152,-0.003119517,-0.1132855,0.043675555,0.08834395,0.001654899,0.044039475,0.005121419,0.001272253,0.114659,-0.08016005,-0.6694822,0.07259414,-0.4775569,-0.31898405,0.09082042,-0.010656549,0.01123249,0.064022225,0.06528486,-0.01129427,-0.08657681,0.014124535,0.07814803,0.121028485,0.031960465,0.02898921,-0.3057925,-0.2552443,-0.4991144,-0.3286931,-0.10533559,-0.2171338,-0.0036595,0.04224796,-0.02594015,0.1231804,0.02393869,0.01748677,0.0288689,-0.02843223,0.01004186,-0.20241573,-0.09744053,-0.350446733,-0.433217,0.1180196,2.57E-06,-0.04063661
GSM1090335_nd_f,0.3828005,-0.1673421,-0.2290924,0.00715333,-0.041229985,0.09820611,-0.02900049,-0.2020234,0.00674763,-0.08463111,-0.1791123,-0.041683696,0.091495625,0.24787625,0.02144732,0.2511824,0.2294812,-0.2225563,-0.8365554,-0.29347055,-0.08385395,-0.12588985,0.050677115,0.07417763,0.1541159,0.08006871,-0.02674468,-0.029237955,-0.00548136,-0.07129486,-0.008356035,0.04067463,-0.317370767,-0.06119613,-0.4107845,0.02631319,-0.062297497,-0.07587334,0.122546935,0.006518529,0.2718792,0.0156159,0.1447457,0.07931076,0.08148053,0.074757175,0.009574896,0.032139465,-0.01911793,-0.09966916,-0.1063118,0.139763,-0.2948231,-0.07747091
GSM1090353_nd_f,0.3727403,-0.3754274,-0.2706764,-0.25832925,0.1135804,-0.04739636,-0.007535881,0.05570459,0.1343315,0.1123663,0.11889335,0.029560926,-0.042555425,0.030163215,0.07201995,-0.02087452,-0.478201,0.08502876,-0.3012433,-0.20980735,0.1019375,-0.070257835,0.060160815,0.168302745,0.03259917,-0.08791367,-0.05828829,-0.07221955,0.017143995,0.09233772,0.025985314,0.002820085,-0.18510206,-0.3273142,-0.3705395,0.04759023,-0.06144139,0.04231036,0.013204731,0.04320147,-0.07092773,0.1265239,-0.03888696,0.001800378,0.04063706,-0.05235985,0.03038091,-0.01814345,-0.09350202,-0.017456023,-0.4631771,0.04814789,-0.2715533,-0.01854765
GSM1090364_nd_f,0.43369125,-0.5986644,-0.3586653,-0.32936305,0.13347895,-0.077101775,-0.07100058,-0.1171982,0.03190268,0.05886697,-0.007698691,0.031093612,-0.021302896,0.09587141,0.05889833,-0.07955132,-0.630277,0.09758959,-0.376823,-0.1500497,0.05155472,-0.047442475,0.00541953,0.064990571,0.05591151,-0.04288393,0.01042373,-0.016581285,0.04225509,0.09971704,-0.030510412,0.09483102,-0.246458233,-0.2138035,-0.32781,-0.2072801,-0.011346296,-0.04724823,0.015866419,-0.015660181,-0.09459615,0.08963624,0.08215076,0.02929687,0.02753009,-0.02300176,0.01635278,-0.057275535,-0.02213606,-0.225910167,-0.2852457,0.07565347,-0.1270448,-0.03224008
GSM1090368_nd_f,0.2685938,-0.4760301,-0.3063798,-0.134932785,0.03220795,-0.04415421,-0.009054009,-0.446907,-0.13821316,-0.2195904,-0.153854245,-0.096613397,0.02795934,0.068004685,0.08762056,-0.09149802,-0.8255704,0.03179013,-0.8328581,-0.1972556,-0.08765377,-0.18846823,0.067655588,-0.022796897,0.1237818,-0.09544426,-0.09815154,-0.02420343,-0.019891961,-0.00533924,-0.02362965,0.111516,-0.312092067,-0.2937638,-0.1175507,-0.04102785,-0.182440407,0.1767045,0.00979477,0.1260511,0.2662826,-0.085478,0.1897212,-0.1351489,0.02006177,0.07786611,0.0170811,0.027440425,0.08457432,0.090688987,-0.2442383,-0.02684457,-0.1917668,0.06528522
GSM1090376_nd_f,0.2872627,-0.4349364,-0.2852418,-0.115550255,0.0394983,-0.0213843,0.04411865,-0.4859045,-0.074511465,-0.1797794,-0.155773575,0.056593513,0.13121411,0.1143683,0.05264036,0.02381981,-0.561986,0.03246642,-0.7897938,-0.33991105,-0.06944731,-0.07727766,0.110605365,0.072354305,0.2220819,-0.04843246,-0.07535918,-0.039996965,-0.03905143,0.034608469,-0.0613023,0.02303362,-0.412117233,-0.4321567,-0.2778412,-0.5863149,-0.20387094,-0.09301707,-0.03228728,0.039130935,0.1529547,0.001281837,0.206281,-0.05071039,0.04869945,0.06150455,-0.0475843,-0.26028542,-0.03467887,-0.346370267,-0.4806581,-0.01526423,-0.1574175,0.1528072
GSM1090387_nd_f,0.47316355,-0.2476647,-0.2533205,-0.25617165,0.14288205,-0.04149984,0.04575146,-0.1168422,-0.01934689,0.007705647,-0.042564765,0.130518963,0.010261825,0.11087905,0.09142265,-0.207947,-0.9290251,0.1277557,-0.4684335,-0.271619,-0.000315862,-0.01708003,0.03495591,0.11302685,0.1979346,-0.1748971,-0.0946903,-0.157288265,0.06408957,0.08917663,-0.097002565,0.03840975,-0.356097333,-0.3991542,-0.4576786,-0.4752566,-0.111345017,-0.2149147,-0.011305865,0.00421265,-0.02238259,0.147716,0.05678362,-0.0822923,-0.05481399,0.034516349,0.01917053,-0.19810602,-0.08732898,-0.4254925,-0.6020037,0.1389186,-0.2658444,-0.01886262
GSM1090267_alz_m,-1.5450085,-0.2987629,-0.1741394,-0.189653695,0.10992961,0.05959779,0.0739307,-0.1307362,0.08754383,-0.05007051,0.07219088,0.119908347,0.08290898,0.10463617,0.03152084,-0.1428416,-0.7388321,-0.02616258,-0.9669774,-0.34814955,0.02821236,-0.01151691,0.00894661,0.011852675,0.1601556,-0.00709968,-0.1318829,-0.0460475,-0.02120507,0.066250195,0.01372031,0.0592925,-0.3063563,-0.2891317,-0.4639404,0.1850563,-0.04869382,0.1168841,0.077389495,0.04175442,0.1412674,0.01681918,0.06198591,-0.05713507,0.06673815,0.014428515,0.03136794,-0.010407615,-0.07575568,-0.09122296,-0.1078169,0.06243905,-0.1852141,-0.02235785
GSM1090278_alz_m,-1.8084295,0.4043248,0.4544207,0.2950106,-0.12347675,0.03886696,0.1738745,0.0837885,-0.091263235,-0.02222721,-0.06956955,-0.156426733,-0.05274896,-0.01471675,0.01839289,-0.1071667,-0.4828264,-0.1838371,-0.04006048,0.0779854,-0.09039687,0.011317322,0.041581125,-0.037481872,-0.1729324,-0.1200005,0.1393794,0.15479495,-0.1361793,-0.1818864,1.04510489,0.3849883,0.2255741,0.2208244,0.4554289,0.2671987,0.130783697,0.08586934,0.01403407,-0.072212235,-0.09174994,-0.1734765,-0.09197207,0.02087044,0.03831208,0.14999975,0.3229272,0.33997435,0.1312312,0.2164328,0.5312049,0.08258847,-0.3450567,0.1767923
GSM1090279_alz_m,-1.574724,0.03310087,0.09823829,-0.02637064,0.04265493,-0.014691875,0.06297743,0.07307699,0.039916554,0.0542302,0.021779535,-0.085304443,-0.029016497,0.04351853,0.02401497,-0.1144959,-0.6167559,-0.002346125,-0.04028436,-0.082026205,0.006899223,-0.008976196,0.013711214,-0.11631727,-0.00444065,0.1492493,0.12187,0.11905733,0.002323815,0.010334013,0.01359888,0.0272314,-0.017796393,-0.111667,0.03409377,0.1566302,0.03944957,0.01598384,0.047745595,-0.05000005,0.03820179,0.03294004,0.008788452,0.01025101,0.002365665,0.022329674,-0.03100956,0.05955119,0.05139818,0.122668333,0.05730649,0.07981329,0.2706837,0.0346689
GSM1090281_alz_m,-1.4615115,-0.3167341,-0.2514024,-0.12420027,-0.0544137,0.06360245,-0.002005055,-0.1880973,0.027062295,-0.1230232,0.004770767,-0.094129053,0.019038021,0.12367565,0.08293717,0.03829596,-0.5218767,-0.143461,-0.7515909,-0.317499,-0.1656341,-0.27278325,0.017479947,-0.082496585,0.143554,-0.09486876,-0.08471144,-0.04319883,0.008194597,0.06932742,-0.1636531,-0.02096779,-0.3182844,-0.07486789,-0.3110594,-0.3312523,-0.110643763,-0.1657536,0.13736046,-0.0245521,0.2698172,0.09874471,0.1532996,0.2010742,0.05018065,0.08113066,0.0382794,-0.17436054,-0.165423,-0.328427033,0.03336666,0.1112207,-0.2215228,0.02153545
GSM1090283_alz_m,-1.6596505,-0.2637071,-0.2233843,-0.179352665,-0.1656236,0.2048615,-0.006784222,-0.1936829,-0.012470205,-0.1295192,-0.102596535,-0.3184425,0.024873395,0.1447974,0.1447776,0.6350219,1.212169,-0.3161496,-0.2574818,-0.10604186,-0.149509,-0.1601734,0.197838555,-0.06604073,0.1443756,-0.2217114,-0.1274056,-0.14910315,0.0164415,-0.038108665,0.59558467,0.4554755,-0.156674807,0.1185092,-0.1545593,-0.2052508,-0.159318767,-0.04792077,0.1531671,-0.12867045,0.2563441,-0.0641309,0.05289016,0.06412626,-0.08175983,0.1887105,-0.2599721,-0.169212585,-0.1373638,-0.320134033,-0.2553599,0.19397,0.1000333,-0.1591961
GSM1090286_alz_m,-1.6919135,-0.6010749,-0.3806656,-0.3506526,0.1596372,-0.092610405,0.01968777,-0.1922973,0.026467061,0.002641891,-0.026956745,0.075009558,0.022757402,0.104755525,0.0722973,-0.0294476,-0.6525707,0.1183465,-0.5113274,-0.2711955,-0.1221081,-0.1478484,0.032574415,-0.086921441,0.005951651,-0.1838474,-0.06569154,-0.066652605,0.012019572,0.084833145,-0.094464655,-0.02997353,-0.327689883,-0.257396,-0.4125971,-1.00937,-0.198094093,-0.4764265,-0.039743495,-0.11022566,0.1480932,0.1481473,0.1231633,0.04715862,0.03075658,0.0351268,0.02283353,-0.4791799,-0.06912257,-0.696537567,-0.5001789,0.1287701,-0.3457253,-0.06369608
GSM1090287_alz_m,-1.41315,-0.2890337,-0.3942357,-0.05795484,-0.09591722,-0.008368935,-0.001809265,-0.2155484,0.00092115,-0.1474962,-0.03194331,-0.027144451,-0.006981854,0.14851225,0.06372952,0.2836704,0.1195192,-0.2718703,-0.6438848,-0.26390125,-0.1418721,-0.1959887,0.02493376,-0.05843732,0.2332578,-0.06397446,-0.1032906,-0.2110435,-0.02713211,0.012492905,-0.051527191,0.03023444,-0.319447267,-0.04549509,-0.218176,-0.1606681,-0.144675868,-0.2224456,0.1433779,-0.037689005,0.3027122,0.06743576,0.1310451,0.2508243,0.07993126,0.15704785,-0.00283278,-0.10891699,-0.08536839,-0.2298419,-0.000572933,0.1953647,-0.7452617,-0.09767239
GSM1090288_alz_m,-1.5371745,0.1205594,0.04930401,-0.010225285,0.061815865,-0.028870912,0.00751006,-0.1856255,-0.00910837,-0.1040079,-0.04555269,-0.00641282,0.150059925,0.12010705,-0.02774698,-0.07739001,-0.4937638,-0.0316972,-0.2756047,-0.010529226,-0.08087773,-0.100970275,0.047345825,-0.017671197,0.07242017,0.06430043,-0.008414593,0.044602665,0.043905969,-0.02820479,0.02462038,0.03916224,-0.1148022,-0.09097993,-0.09046375,-0.0515261,-0.002080279,0.06112825,0.0622864,-0.01174249,0.1378036,0.03453827,0.06435191,-0.008854866,0.009767163,0.004890733,0.02310935,-0.02096127,0.0427478,-0.06861023,-0.1551925,0.06088984,-0.4460515,-0.008530742
GSM1090290_alz_m,-1.621887,-0.1994406,-0.1340036,-0.04945162,-0.117082265,0.092932375,0.02089928,-0.1619187,-0.015015605,-0.2696736,-0.0801397,-0.03701048,-0.102292155,0.024153085,0.1137315,0.1444839,0.004956733,-0.212102,-0.6048748,-0.18176485,-0.08953118,-0.12463725,-0.00966463,-0.03511882,0.1762558,-0.09746473,-0.1752119,-0.048509955,0.02316215,-0.041559955,-0.014937665,0.0507221,-0.2635046,0.09536693,-0.2559422,-0.1972864,-0.06626731,-0.1235449,0.1257227,-0.029900625,0.1977142,-0.002857309,0.06455953,0.2078292,-0.02585634,0.1301013,-0.09470928,-0.040643695,-0.0392359,-0.060502867,0.05795718,0.09340258,-0.2323964,-0.02413955
GSM1090303_alz_m,-1.628345,0.1984582,0.1667468,0.27776905,-0.19294215,0.07062414,0.1552792,-0.09414222,-0.06783877,-0.2839039,-0.120139655,-0.101740037,-0.015778311,0.067325855,0.0277588,0.1145789,0.07075709,-0.2589371,0.05398281,0.13066855,-0.09248114,-0.093644155,0.051637508,0.060323975,0.02366705,-0.03952796,-0.1182854,-0.01832,-0.06709994,-0.076850725,0.102578076,0.06279573,0.0518771,0.2021247,0.08741425,-0.04797649,-0.007750937,0.1767859,0.105837705,-0.1563934,0.2177024,-0.2001567,0.04963513,0.1097256,0.06894573,0.15675145,0.005975817,0.01820177,0.05132599,-0.088554497,0.1211624,0.07795899,-0.3623318,0.131219
GSM1090269_nd_m,-1.562908,-0.01503759,-0.006808822,0.008666365,0.05639025,-0.018398193,0.02620635,-0.0569843,0.02605123,-0.0171275,-0.06604687,0.125471433,-0.004150215,0.10666145,0.1218851,0.001622254,-0.4588571,0.03034005,-0.02144962,-0.06137916,-0.01734246,0.0727732,0.008413184,-0.042213327,0.06297928,-0.1080777,-0.02405881,-0.102657655,0.000167023,0.00477274,-0.06912111,-0.005213344,-0.1645642,-0.1158769,-0.2681546,-0.482985,-0.06344988,-0.07333796,-0.03784865,0.025471078,0.001661555,0.06939695,0.02905763,0.03263132,0.01555896,0.032583705,-0.03049944,-0.30002514,-0.08917933,-0.4216861,-0.4990816,0.08576497,-0.2534075,0.005517994
GSM1090273_nd_m,-1.5220525,-0.2400698,-0.2337012,-0.040713505,0.050064651,-0.018924896,-0.01287165,-0.2710616,-0.0689972,-0.1316593,-0.19922936,-0.101284647,0.103501365,0.1923094,0.07983975,-0.02932715,-0.3275033,0.09493462,-0.1450713,0.0395129,-0.04354883,-0.042453115,-0.018698475,-0.038232515,0.007678511,-0.04433408,-0.01904734,0.01667907,0.063861575,0.0447541,0.03263387,0.08067182,-0.217435867,-0.0766394,-0.2408011,-0.4392807,-0.06003994,0.1148427,-0.0604596,-0.00945188,0.1082962,-0.089444,0.01419301,-0.07349811,0.01248244,0.003265597,-0.02853084,-0.102864315,0.03977505,-0.2024804,-0.2729011,-0.07690584,-0.2843405,0.02551515
GSM1090275_nd_m,-1.661384,-0.4640317,-0.215176,-0.31365945,0.10328751,-0.03646943,0.05149892,-0.1107967,0.019413413,-0.005740506,0.03953674,0.236080533,-0.04020802,-0.03041541,0.01154472,-0.09997433,-0.7481551,0.1621445,-0.5424694,-0.2402987,0.07493885,-0.03427159,0.13055418,0.117214715,0.1662205,-0.1193285,-0.07698749,-0.11164328,0.029418445,0.11580465,-0.06659771,0.01153718,-0.308843367,-0.291025,-0.4331978,-0.2770167,-0.117403913,-0.01978165,0.059519365,0.058506225,0.03690857,0.09962318,0.1228453,-0.03790811,0.02347082,-0.016925745,-0.0119547,-0.106968273,-0.09941342,-0.169089133,-0.4748882,0.03154923,-0.1149673,-0.02073254
GSM1090280_nd_m,-1.54556,-0.1933294,-0.09860238,-0.1231762,0.07714073,-0.03794895,0.005171955,0.07609883,0.064784885,0.09909245,0.03374918,0.10367018,0.028789597,0.1344894,0.09189631,-0.106613,-0.1349578,0.06890985,-0.06345882,-0.153284,0.02111779,0.070645285,0.01571739,0.123239925,-0.001526049,0.07235784,0.02246713,0.029688642,0.04013007,0.079919975,-0.01525612,0.01551692,-0.138389147,-0.2285893,-0.3651699,-0.1248561,-0.026067186,0.03127248,-0.031773645,0.03987504,-0.1270089,0.07115486,-0.007956754,-0.02305927,-0.01870685,-0.028113376,0.02126937,-0.13457161,-0.1183765,-0.258839233,-0.4725727,0.08303226,0.1179235,-0.004592493
GSM1090289_nd_m,-1.5913125,-0.3751241,-0.3918389,-0.17231613,0.13531615,-0.073991705,-0.008784986,-0.1893419,-0.00591564,0.04265813,-0.2087241,0.04345614,0.013447828,0.12017935,0.1387855,-0.04071687,-0.6822296,0.07726405,-0.4689297,-0.2717866,-0.09283035,0.038633285,0.045559345,0.154863555,0.1495163,-0.0666426,-0.09577617,-0.09952725,0.04786028,0.02867717,-0.0152735,0.1527469,-0.340197367,-0.3175676,-0.5131224,-0.3910476,-0.09743564,-0.04763763,-0.02082851,0.0550315,0.04108296,0.1346348,0.1325625,-0.04836927,0.04700778,0.022541303,-0.02780939,-0.32965525,-0.124069,-0.521265167,-0.6110874,0.1191404,-0.1850552,-0.05292173
GSM1090294_nd_m,-1.579848,-0.5792029,-0.3649577,-0.13660879,0.07341751,0.05772158,0.2591517,-0.2258887,-0.019650745,-0.2190049,-0.08607118,-0.21775928,0.102293175,0.19555955,0.1742057,-0.06375523,-0.3626269,-0.03963788,-0.8323121,-0.1603122,0.1946287,0.09655563,0.07152383,-0.012390213,0.1166704,-0.068919,0.3031793,0.275732185,0.16875746,-0.18352382,0.03822289,-0.09412753,-0.328800533,-0.3115196,-0.3653582,-0.167809,-0.06632612,0.1298574,-0.04998416,0.079828205,0.1038513,-0.04651474,0.07983046,0.07543845,0.6181768,0.59174555,0.8226473,0.25807525,0.06289885,0.14195873,0.09758805,0.0516053,-0.1348116,-0.2680207
GSM1090304_nd_m,-1.6388395,-0.4901276,-0.353621,-0.29224965,0.11258585,-0.042463132,0.0731357,-0.1075899,0.018835735,0.03721961,-0.091727805,0.048577937,-0.050783433,0.039484765,0.07770269,-0.1279378,-0.5690181,0.1241416,-0.5169178,-0.3099337,0.02186451,0.02040067,0.012769163,0.105761395,0.1575886,-0.1301313,-0.0747789,-0.121889385,0.035509633,0.070847295,-0.0043737,0.1041961,-0.326307133,-0.3496042,-0.4190812,-0.3286957,-0.123217358,-0.1342969,-0.010050075,0.021052762,0.05184368,0.1345142,0.1384185,0.02720764,0.01455055,0.026050705,-0.03185839,-0.21138559,-0.07535688,-0.447454067,-0.7439887,0.0722414,-0.1597412,-0.01077965
GSM1090308_nd_m,-1.676256,-0.3020397,-0.2942587,-0.22860455,0.020154531,-0.03044954,0.05488108,0.08314391,0.017748804,0.0139933,0.00977593,0.134063767,-0.034209798,-0.048547885,-0.02263498,-0.1518149,0.01107078,0.0580577,0.2346291,0.1821039,0.02118555,0.1042934,0.116678653,-0.017716475,-0.05155968,0.3018456,0.06835619,0.186633625,0.01223428,0.05255418,0.090765975,0.1478905,0.031354507,-0.01641504,-0.06135558,-0.458041,-0.016920936,-0.1254135,-0.07709324,-0.057996885,-0.1648148,-0.01220584,-0.004295179,-0.08046275,0.02302105,-0.011525695,0.006380872,-0.183614725,0.000446021,-0.2188478,-0.3803023,0.07015394,-0.1039279,-0.0162293
GSM1090311_nd_m,-1.5983055,-0.4340669,-0.2791684,-0.2101481,0.078356285,-0.042512807,-0.01545388,-0.1827126,-0.094672632,-0.03693846,-0.120505585,-0.017587917,0.045276318,0.11374625,-0.01299531,-0.005966895,0.5501205,0.07130589,-0.1474287,-0.048747115,-0.02312633,-0.05243024,0.004896041,-0.016911785,0.04351715,-0.07742827,-0.03096145,-0.07589609,0.08216696,0.040782875,0.008482806,-0.06152907,-0.230812363,-0.1807341,-0.3310143,-0.4896584,-0.11477282,-0.1587726,-0.008936648,0.01150754,0.09744857,0.03185326,0.08915672,0.005945006,-0.01205726,0.01794959,-0.02198619,-0.23275502,-0.0829381,-0.4103783,-0.2731577,0.04727025,-0.2672356,-0.01186917
GSM1090318_nd_m,-1.5711775,0.006497439,-0.0249098,-0.04313575,0.06677848,-0.0677453,-0.008694892,0.04712847,0.006466373,0.07753684,-0.026379385,-0.023926723,0.007157575,0.10089003,-0.01974655,-0.08725832,-0.1860658,0.07458007,0.2480437,-0.033020835,-0.005852079,0.055815925,0.028514215,-0.01162593,-0.04520047,0.1957221,0.04646127,0.09898731,0.041955445,0.070148395,0.041255685,0.06883945,-0.00746338,-0.1321372,-0.2567739,-0.1763344,-0.066810483,-0.04147801,-0.047650075,-0.024274375,-0.1321445,0.06159788,-0.006520338,-0.02127855,0.02532009,-0.005735831,0.02237495,-0.212771265,-0.08008899,-0.233761067,-0.5485308,0.04832802,0.3355313,-0.05233546
